[
  {"model": "properties.country", "pk": 1, "fields": {"name": "France", "code": "FR", "created_at": "2025-11-17T12:00:00Z", "updated_at": "2025-11-17T12:00:00Z"}},
  {"model": "properties.country", "pk": 2, "fields": {"name": "Germany", "code": "DE", "created_at": "2025-11-17T12:00:00Z", "updated_at": "2025-11-17T12:00:00Z"}},
  {"model": "properties.country", "pk": 3, "fields": {"name": "Italy", "code": "IT", "created_at": "2025-11-17T12:00:00Z", "updated_at": "2025-11-17T12:00:00Z"}},
  {"model": "properties.country", "pk": 4, "fields": {"name": "Spain", "code": "ES", "created_at": "2025-11-17T12:00:00Z", "updated_at": "2025-11-17T12:00:00Z"}},
  {"model": "properties.country", "pk": 5, "fields": {"name": "United Kingdom", "code": "GB", "created_at": "2025-11-17T12:00:00Z", "updated_at": "2025-11-17T12:00:00Z"}},
  {"model": "properties.country", "pk": 6, "fields": {"name": "Netherlands", "code": "NL", "created_at": "2025-11-17T12:00:00Z", "updated_at": "2025-11-17T12:00:00Z"}},
  {"model": "properties.country", "pk": 7, "fields": {"name": "Switzerland", "code": "CH", "created_at": "2025-11-17T12:00:00Z", "updated_at": "2025-11-17T12:00:00Z"}},

  {"model": "properties.region", "pk": 1, "fields": {"name": "Île-de-France", "country": 1, "created_at": "2025-11-17T12:00:00Z", "updated_at": "2025-11-17T12:00:00Z"}},
  {"model": "properties.region", "pk": 2, "fields": {"name": "Auvergne-Rhône-Alpes", "country": 1, "created_at": "2025-11-17T12:00:00Z", "updated_at": "2025-11-17T12:00:00Z"}},
  {"model": "properties.region", "pk": 3, "fields": {"name": "Provence-Alpes-Côte d'Azur", "country": 1, "created_at": "2025-11-17T12:00:00Z", "updated_at": "2025-11-17T12:00:00Z"}},
  {"model": "properties.region", "pk": 4, "fields": {"name": "Provence-Alpes-Côte d'Azur - Côte d'Azur", "country": 1, "created_at": "2025-11-17T12:00:00Z", "updated_at": "2025-11-17T12:00:00Z"}},
  {"model": "properties.region", "pk": 5, "fields": {"name": "Nouvelle-Aquitaine", "country": 1, "created_at": "2025-11-17T12:00:00Z", "updated_at": "2025-11-17T12:00:00Z"}},

  {"model": "properties.city", "pk": 1, "fields": {"name": "Paris", "region": 1, "country": 1, "created_at": "2025-11-17T12:01:00Z", "updated_at": "2025-11-17T12:01:00Z"}},
  {"model": "properties.city", "pk": 2, "fields": {"name": "Lyon", "region": 2, "country": 1, "created_at": "2025-11-17T12:01:00Z", "updated_at": "2025-11-17T12:01:00Z"}},
  {"model": "properties.city", "pk": 3, "fields": {"name": "Marseille", "region": 3, "country": 1, "created_at": "2025-11-17T12:01:00Z", "updated_at": "2025-11-17T12:01:00Z"}},
  {"model": "properties.city", "pk": 4, "fields": {"name": "Nice", "region": 4, "country": 1, "created_at": "2025-11-17T12:01:00Z", "updated_at": "2025-11-17T12:01:00Z"}},
  {"model": "properties.city", "pk": 5, "fields": {"name": "Bordeaux", "region": 5, "country": 1, "created_at": "2025-11-17T12:01:00Z", "updated_at": "2025-11-17T12:01:00Z"}},

  {"model": "properties.city", "pk": 6, "fields": {"name": "Berlin", "region": null, "country": 2,"created_at": "2025-11-17T12:01:00Z", "updated_at": "2025-11-17T12:01:00Z"}},
  {"model": "properties.city", "pk": 7, "fields": {"name": "Munich", "region": null, "country": 2,"created_at": "2025-11-17T12:01:00Z", "updated_at": "2025-11-17T12:01:00Z"}},
  {"model": "properties.city", "pk": 8, "fields": {"name": "Hamburg", "region": null, "country": 2,"created_at": "2025-11-17T12:01:00Z", "updated_at": "2025-11-17T12:01:00Z"}},
  {"model": "properties.city", "pk": 9, "fields": {"name": "Frankfurt", "region": null, "country": 2,"created_at": "2025-11-17T12:01:00Z", "updated_at": "2025-11-17T12:01:00Z"}},
  {"model": "properties.city", "pk": 10, "fields": {"name": "Cologne", "region": null, "country": 2,"created_at": "2025-11-17T12:01:00Z", "updated_at": "2025-11-17T12:01:00Z"}},

  {"model": "properties.city", "pk": 11, "fields": {"name": "Rome", "region": null, "country": 3,"created_at": "2025-11-17T12:01:00Z", "updated_at": "2025-11-17T12:01:00Z"}},
  {"model": "properties.city", "pk": 12, "fields": {"name": "Milan", "region": null, "country": 3,"created_at": "2025-11-17T12:01:00Z", "updated_at": "2025-11-17T12:01:00Z"}},
  {"model": "properties.city", "pk": 13, "fields": {"name": "Naples", "region": null, "country": 3,"created_at": "2025-11-17T12:01:00Z", "updated_at": "2025-11-17T12:01:00Z"}},
  {"model": "properties.city", "pk": 14, "fields": {"name": "Turin", "region": null, "country": 3,"created_at": "2025-11-17T12:01:00Z", "updated_at": "2025-11-17T12:01:00Z"}},
  {"model": "properties.city", "pk": 15, "fields": {"name": "Florence", "region": null, "country": 3,"created_at": "2025-11-17T12:01:00Z", "updated_at": "2025-11-17T12:01:00Z"}},

  {"model": "properties.city", "pk": 16, "fields": {"name": "Madrid", "region": null, "country": 4,"created_at": "2025-11-17T12:01:00Z", "updated_at": "2025-11-17T12:01:00Z"}},
  {"model": "properties.city", "pk": 17, "fields": {"name": "Barcelona", "region": null, "country": 4,"created_at": "2025-11-17T12:01:00Z", "updated_at": "2025-11-17T12:01:00Z"}},
  {"model": "properties.city", "pk": 18, "fields": {"name": "Valencia", "region": null, "country": 4,"created_at": "2025-11-17T12:01:00Z", "updated_at": "2025-11-17T12:01:00Z"}},
  {"model": "properties.city", "pk": 19, "fields": {"name": "Seville", "region": null, "country": 4,"created_at": "2025-11-17T12:01:00Z", "updated_at": "2025-11-17T12:01:00Z"}},
  {"model": "properties.city", "pk": 20, "fields": {"name": "Bilbao", "region": null, "country": 4,"created_at": "2025-11-17T12:01:00Z", "updated_at": "2025-11-17T12:01:00Z"}},

  {"model": "properties.city", "pk": 21, "fields": {"name": "London", "region": null, "country": 5,"created_at": "2025-11-17T12:01:00Z", "updated_at": "2025-11-17T12:01:00Z"}},
  {"model": "properties.city", "pk": 22, "fields": {"name": "Manchester", "region": null, "country": 5,"created_at": "2025-11-17T12:01:00Z", "updated_at": "2025-11-17T12:01:00Z"}},
  {"model": "properties.city", "pk": 23, "fields": {"name": "Birmingham", "region": null, "country": 5,"created_at": "2025-11-17T12:01:00Z", "updated_at": "2025-11-17T12:01:00Z"}},
  {"model": "properties.city", "pk": 24, "fields": {"name": "Liverpool", "region": null, "country": 5,"created_at": "2025-11-17T12:01:00Z", "updated_at": "2025-11-17T12:01:00Z"}},
  {"model": "properties.city", "pk": 25, "fields": {"name": "Leeds", "region": null, "country": 5,"created_at": "2025-11-17T12:01:00Z", "updated_at": "2025-11-17T12:01:00Z"}},

  {"model": "properties.city", "pk": 26, "fields": {"name": "Amsterdam", "region": null, "country": 6,"created_at": "2025-11-17T12:01:00Z", "updated_at": "2025-11-17T12:01:00Z"}},
  {"model": "properties.city", "pk": 27, "fields": {"name": "Rotterdam", "region": null, "country": 6,"created_at": "2025-11-17T12:01:00Z", "updated_at": "2025-11-17T12:01:00Z"}},
  {"model": "properties.city", "pk": 28, "fields": {"name": "The Hague", "region": null, "country": 6,"created_at": "2025-11-17T12:01:00Z", "updated_at": "2025-11-17T12:01:00Z"}},
  {"model": "properties.city", "pk": 29, "fields": {"name": "Utrecht", "region": null, "country": 6,"created_at": "2025-11-17T12:01:00Z", "updated_at": "2025-11-17T12:01:00Z"}},
  {"model": "properties.city", "pk": 30, "fields": {"name": "Eindhoven", "region": null, "country": 6,"created_at": "2025-11-17T12:01:00Z", "updated_at": "2025-11-17T12:01:00Z"}},

  {"model": "properties.city", "pk": 31, "fields": {"name": "Zurich", "region": null, "country": 7,"created_at": "2025-11-17T12:01:00Z", "updated_at": "2025-11-17T12:01:00Z"}},
  {"model": "properties.city", "pk": 32, "fields": {"name": "Geneva", "region": null, "country": 7,"created_at": "2025-11-17T12:01:00Z", "updated_at": "2025-11-17T12:01:00Z"}},
  {"model": "properties.city", "pk": 33, "fields": {"name": "Basel", "region": null, "country": 7,"created_at": "2025-11-17T12:01:00Z", "updated_at": "2025-11-17T12:01:00Z"}},
  {"model": "properties.city", "pk": 34, "fields": {"name": "Bern", "region": null, "country": 7,"created_at": "2025-11-17T12:01:00Z", "updated_at": "2025-11-17T12:01:00Z"}},
  {"model": "properties.city", "pk": 35, "fields": {"name": "Lausanne", "region": null, "country": 7,"created_at": "2025-11-17T12:01:00Z", "updated_at": "2025-11-17T12:01:00Z"}},


  {"model": "properties.location", "pk": 1, "fields": {"country": 1, "region": 1, "city": 1, "post_code": "75001", "street": "Rue de Rivoli", "house_number": "99", "latitude": null, "longitude": null, "created_at": "2025-11-17T12:00:00Z", "updated_at": "2025-11-17T12:00:00Z"}},
  {"model": "properties.location", "pk": 2, "fields": {"country": 1, "region": 1, "city": 1, "post_code": "75004", "street": "Rue Saint-Antoine", "house_number": "66", "latitude": null, "longitude": null, "created_at": "2025-11-17T12:00:00Z", "updated_at": "2025-11-17T12:00:00Z"}},
  {"model": "properties.location", "pk": 3, "fields": {"country": 1, "region": 1, "city": 1, "post_code": "75005", "street": "Rue Mouffetard", "house_number": "134", "latitude": null, "longitude": null, "created_at": "2025-11-17T12:00:00Z", "updated_at": "2025-11-17T12:00:00Z"}},
  {"model": "properties.location", "pk": 4, "fields": {"country": 1, "region": 1, "city": 1, "post_code": "75006", "street": "Boulevard Saint-Germain", "house_number": "199", "latitude": null, "longitude": null, "created_at": "2025-11-17T12:00:00Z", "updated_at": "2025-11-17T12:00:00Z"}},
  {"model": "properties.location", "pk": 5, "fields": {"country": 1, "region": 1, "city": 1, "post_code": "75003", "street": "Rue de Bretagne", "house_number": "23", "latitude": null, "longitude": null, "created_at": "2025-11-17T12:00:00Z", "updated_at": "2025-11-17T12:00:00Z"}},

  {"model": "properties.location", "pk": 6, "fields": {"country": 1, "region": 2, "city": 2, "post_code": "69002", "street": "Rue de la République", "house_number": "50", "latitude": null, "longitude": null, "created_at": "2025-11-17T12:01:00Z", "updated_at": "2025-11-17T12:01:00Z"}},
  {"model": "properties.location", "pk": 7, "fields": {"country": 1, "region": 2, "city": 2, "post_code": "69002", "street": "Rue Victor Hugo", "house_number": "28", "latitude": null, "longitude": null, "created_at": "2025-11-17T12:01:00Z", "updated_at": "2025-11-17T12:01:00Z"}},
  {"model": "properties.location", "pk": 8, "fields": {"country": 1, "region": 2, "city": 2, "post_code": "69001", "street": "Rue du Président Édouard Herriot", "house_number": "63", "latitude": null, "longitude": null, "created_at": "2025-11-17T12:01:00Z", "updated_at": "2025-11-17T12:01:00Z"}},
  {"model": "properties.location", "pk": 9, "fields": {"country": 1, "region": 2, "city": 2, "post_code": "69006", "street": "Boulevard des Belges", "house_number": "21", "latitude": null, "longitude": null, "created_at": "2025-11-17T12:01:00Z", "updated_at": "2025-11-17T12:01:00Z"}},
  {"model": "properties.location", "pk": 10, "fields": {"country": 1, "region": 2, "city": 2, "post_code": "69007", "street": "Avenue Jean Jaurès", "house_number": "203", "latitude": null, "longitude": null, "created_at": "2025-11-17T12:01:00Z", "updated_at": "2025-11-17T12:01:00Z"}},

  {"model": "properties.location", "pk": 11, "fields": {"country": 1, "region": 3, "city": 3, "post_code": "13001", "street": "La Canebière", "house_number": "15", "latitude": null, "longitude": null, "created_at": "2025-11-17T12:02:00Z", "updated_at": "2025-11-17T12:02:00Z"}},
  {"model": "properties.location", "pk": 12, "fields": {"country": 1, "region": 3, "city": 3, "post_code": "13006", "street": "Rue Paradis", "house_number": "283", "latitude": null, "longitude": null, "created_at": "2025-11-17T12:02:00Z", "updated_at": "2025-11-17T12:02:00Z"}},
  {"model": "properties.location", "pk": 13, "fields": {"country": 1, "region": 3, "city": 3, "post_code": "13007", "street": "Rue Sainte", "house_number": "63", "latitude": null, "longitude": null, "created_at": "2025-11-17T12:02:00Z", "updated_at": "2025-11-17T12:02:00Z"}},
  {"model": "properties.location", "pk": 14, "fields": {"country": 1, "region": 3, "city": 3, "post_code": "13004", "street": "Boulevard de la Libération", "house_number": "74", "latitude": null, "longitude": null, "created_at": "2025-11-17T12:02:00Z", "updated_at": "2025-11-17T12:02:00Z"}},
  {"model": "properties.location", "pk": 15, "fields": {"country": 1, "region": 3, "city": 3, "post_code": "13002", "street": "Rue de la République", "house_number": "9", "latitude": null, "longitude": null, "created_at": "2025-11-17T12:02:00Z", "updated_at": "2025-11-17T12:02:00Z"}},

  {"model": "properties.location", "pk": 16, "fields": {"country": 1, "region": 4, "city": 4, "post_code": "06000", "street": "Avenue Jean Médecin", "house_number": "32", "latitude": null, "longitude": null, "created_at": "2025-11-17T12:03:00Z", "updated_at": "2025-11-17T12:03:00Z"}},
  {"model": "properties.location", "pk": 17, "fields": {"country": 1, "region": 4, "city": 4, "post_code": "06000", "street": "Rue Masséna", "house_number": "19", "latitude": null, "longitude": null, "created_at": "2025-11-17T12:03:00Z", "updated_at": "2025-11-17T12:03:00Z"}},
  {"model": "properties.location", "pk": 18, "fields": {"country": 1, "region": 4, "city": 4, "post_code": "06300", "street": "Rue Bonaparte", "house_number": "26", "latitude": null, "longitude": null, "created_at": "2025-11-17T12:03:00Z", "updated_at": "2025-11-17T12:03:00Z"}},
  {"model": "properties.location", "pk": 19, "fields": {"country": 1, "region": 4, "city": 4, "post_code": "06000", "street": "Boulevard Victor Hugo", "house_number": "21", "latitude": null, "longitude": null, "created_at": "2025-11-17T12:03:00Z", "updated_at": "2025-11-17T12:03:00Z"}},
  {"model": "properties.location", "pk": 20, "fields": {"country": 1, "region": 4, "city": 4, "post_code": "06000", "street": "Rue de France", "house_number": "110", "latitude": null, "longitude": null, "created_at": "2025-11-17T12:03:00Z", "updated_at": "2025-11-17T12:03:00Z"}},

  {"model": "properties.location", "pk": 21, "fields": {"country": 1, "region": 5, "city": 5, "post_code": "33000", "street": "Rue Sainte-Catherine", "house_number": "245", "latitude": null, "longitude": null, "created_at": "2025-11-17T12:04:00Z", "updated_at": "2025-11-17T12:04:00Z"}},
  {"model": "properties.location", "pk": 22, "fields": {"country": 1, "region": 5, "city": 5, "post_code": "33000", "street": "Cours de l'Intendance", "house_number": "17", "latitude": null, "longitude": null, "created_at": "2025-11-17T12:04:00Z", "updated_at": "2025-11-17T12:04:00Z"}},
  {"model": "properties.location", "pk": 23, "fields": {"country": 1, "region": 5, "city": 5, "post_code": "33000", "street": "Cours Victor Hugo", "house_number": "106", "latitude": null, "longitude": null, "created_at": "2025-11-17T12:04:00Z", "updated_at": "2025-11-17T12:04:00Z"}},
  {"model": "properties.location", "pk": 24, "fields": {"country": 1, "region": 5, "city": 5, "post_code": "33000", "street": "Rue Judaïque", "house_number": "87", "latitude": null, "longitude": null, "created_at": "2025-11-17T12:04:00Z", "updated_at": "2025-11-17T12:04:00Z"}},
  {"model": "properties.location", "pk": 25, "fields": {"country": 1, "region": 5, "city": 5, "post_code": "33000", "street": "Cours Pasteur", "house_number": "40", "latitude": null, "longitude": null, "created_at": "2025-11-17T12:04:00Z", "updated_at": "2025-11-17T12:04:00Z"}},
  {"model": "properties.location", "pk": 26, "fields": {"country": 2, "region": null, "city": 6, "post_code": "10117", "street": "Friedrichstraße", "house_number": "76", "latitude": null, "longitude": null, "created_at": "2025-11-17T12:05:00Z", "updated_at": "2025-11-17T12:05:00Z"}},
  {"model": "properties.location", "pk": 27, "fields": {"country": 2, "region": null, "city": 6, "post_code": "10115", "street": "Linienstraße", "house_number": "154", "latitude": null, "longitude": null, "created_at": "2025-11-17T12:05:00Z", "updated_at": "2025-11-17T12:05:00Z"}},
  {"model": "properties.location", "pk": 28, "fields": {"country": 2, "region": null, "city": 6, "post_code": "10179", "street": "Auguststraße", "house_number": "49", "latitude": null, "longitude": null, "created_at": "2025-11-17T12:05:00Z", "updated_at": "2025-11-17T12:05:00Z"}},
  {"model": "properties.location", "pk": 29, "fields": {"country": 2, "region": null, "city": 6, "post_code": "10178", "street": "Poststraße", "house_number": "6", "latitude": null, "longitude": null, "created_at": "2025-11-17T12:05:00Z", "updated_at": "2025-11-17T12:05:00Z"}},
  {"model": "properties.location", "pk": 30, "fields": {"country": 2, "region": null, "city": 6, "post_code": "10555", "street": "Alt‑Moabit", "house_number": "47", "latitude": null, "longitude": null, "created_at": "2025-11-17T12:05:00Z", "updated_at": "2025-11-17T12:05:00Z"}},

  {"model": "properties.location", "pk": 31, "fields": {"country": 2, "region": null, "city": 7, "post_code": "80333", "street": "Theatinerstraße", "house_number": "5", "latitude": null, "longitude": null, "created_at": "2025-11-17T12:06:00Z", "updated_at": "2025-11-17T12:06:00Z"}},
  {"model": "properties.location", "pk": 32, "fields": {"country": 2, "region": null, "city": 7, "post_code": "80333", "street": "Karmeliterstraße", "house_number": "9", "latitude": null, "longitude": null, "created_at": "2025-11-17T12:06:00Z", "updated_at": "2025-11-17T12:06:00Z"}},
  {"model": "properties.location", "pk": 33, "fields": {"country": 2, "region": null, "city": 7, "post_code": "80799", "street": "Georgenstraße", "house_number": "20", "latitude": null, "longitude": null, "created_at": "2025-11-17T12:06:00Z", "updated_at": "2025-11-17T12:06:00Z"}},
  {"model": "properties.location", "pk": 34, "fields": {"country": 2, "region": null, "city": 7, "post_code": "80333", "street": "Neuhauser Straße", "house_number": "2", "latitude": null, "longitude": null, "created_at": "2025-11-17T12:06:00Z", "updated_at": "2025-11-17T12:06:00Z"}},
  {"model": "properties.location", "pk": 35, "fields": {"country": 2, "region": null, "city": 7, "post_code": "80802", "street": "Leopoldstraße", "house_number": "50", "latitude": null, "longitude": null, "created_at": "2025-11-17T12:06:00Z", "updated_at": "2025-11-17T12:06:00Z"}},

  {"model": "properties.location", "pk": 36, "fields": {"country": 2, "region": null, "city": 8, "post_code": "20095", "street": "Spitalerstraße", "house_number": "1", "latitude": null, "longitude": null, "created_at": "2025-11-17T12:07:00Z", "updated_at": "2025-11-17T12:07:00Z"}},
  {"model": "properties.location", "pk": 37, "fields": {"country": 2, "region": null, "city": 8, "post_code": "20457", "street": "Reeperbahn", "house_number": "10", "latitude": null, "longitude": null, "created_at": "2025-11-17T12:07:00Z", "updated_at": "2025-11-17T12:07:00Z"}},
  {"model": "properties.location", "pk": 38, "fields": {"country": 2, "region": null, "city": 8, "post_code": "20354", "street": "Pepermölenbek", "house_number": "12", "latitude": null, "longitude": null, "created_at": "2025-11-17T12:07:00Z", "updated_at": "2025-11-17T12:07:00Z"}},
  {"model": "properties.location", "pk": 39, "fields": {"country": 2, "region": null, "city": 8, "post_code": "22525", "street": "Eppendorfer Baum", "house_number": "22", "latitude": null, "longitude": null, "created_at": "2025-11-17T12:07:00Z", "updated_at": "2025-11-17T12:07:00Z"}},
  {"model": "properties.location", "pk": 40, "fields": {"country": 2, "region": null, "city": 8, "post_code": "22767", "street": "Feldstraße", "house_number": "33", "latitude": null, "longitude": null, "created_at": "2025-11-17T12:07:00Z", "updated_at": "2025-11-17T12:07:00Z"}},

  {"model": "properties.location", "pk": 41, "fields": {"country": 2, "region": null, "city": 9, "post_code": "60313", "street": "Zeil", "house_number": "50", "latitude": null, "longitude": null, "created_at": "2025-11-17T12:08:00Z", "updated_at": "2025-11-17T12:08:00Z"}},
  {"model": "properties.location", "pk": 42, "fields": {"country": 2, "region": null, "city": 9, "post_code": "60311", "street": "Goethestraße", "house_number": "22", "latitude": null, "longitude": null, "created_at": "2025-11-17T12:08:00Z", "updated_at": "2025-11-17T12:08:00Z"}},
  {"model": "properties.location", "pk": 43, "fields": {"country": 2, "region": null, "city": 9, "post_code": "60314", "street": "Berliner Straße", "house_number": "15", "latitude": null, "longitude": null, "created_at": "2025-11-17T12:08:00Z", "updated_at": "2025-11-17T12:08:00Z"}},
  {"model": "properties.location", "pk": 44, "fields": {"country": 2, "region": null, "city": 9, "post_code": "60594", "street": "Frankfurter Landstraße", "house_number": "120", "latitude": null, "longitude": null, "created_at": "2025-11-17T12:08:00Z", "updated_at": "2025-11-17T12:08:00Z"}},
  {"model": "properties.location", "pk": 45, "fields": {"country": 2, "region": null, "city": 9, "post_code": "60486", "street": "Kaiserstraße", "house_number": "3", "latitude": null, "longitude": null, "created_at": "2025-11-17T12:08:00Z", "updated_at": "2025-11-17T12:08:00Z"}},

  {"model": "properties.location", "pk": 46, "fields": {"country": 2, "region": null, "city": 10, "post_code": "50667", "street": "Hohe Straße", "house_number": "11", "latitude": null, "longitude": null, "created_at": "2025-11-17T12:09:00Z", "updated_at": "2025-11-17T12:09:00Z"}},
  {"model": "properties.location", "pk": 47, "fields": {"country": 2, "region": null, "city": 10, "post_code": "50668", "street": "Schildergasse", "house_number": "24", "latitude": null, "longitude": null, "created_at": "2025-11-17T12:09:00Z", "updated_at": "2025-11-17T12:09:00Z"}},
  {"model": "properties.location", "pk": 48, "fields": {"country": 2, "region": null, "city": 10, "post_code": "50670", "street": "Aachener Straße", "house_number": "92", "latitude": null, "longitude": null, "created_at": "2025-11-17T12:09:00Z", "updated_at": "2025-11-17T12:09:00Z"}},
  {"model": "properties.location", "pk": 49, "fields": {"country": 2, "region": null, "city": 10, "post_code": "50674", "street": "Rudolfplatz", "house_number": "8", "latitude": null, "longitude": null, "created_at": "2025-11-17T12:09:00Z", "updated_at": "2025-11-17T12:09:00Z"}},
  {"model": "properties.location", "pk": 50, "fields": {"country": 2, "region": null, "city": 10, "post_code": "50676", "street": "Hohenzollernring", "house_number": "41", "latitude": null, "longitude": null, "created_at": "2025-11-17T12:09:00Z", "updated_at": "2025-11-17T12:09:00Z"}},
  {"model": "properties.location", "pk": 51, "fields": {"country": 3, "region": null, "city": 11, "post_code": "00184", "street": "Via di San Giovanni in Laterano", "house_number": "51", "latitude": null, "longitude": null, "created_at": "2025-11-17T12:10:00Z", "updated_at": "2025-11-17T12:10:00Z"}},
  {"model": "properties.location", "pk": 52, "fields": {"country": 3, "region": null, "city": 11, "post_code": "00184", "street": "Via del Corso", "house_number": "226", "latitude": null, "longitude": null, "created_at": "2025-11-17T12:10:00Z", "updated_at": "2025-11-17T12:10:00Z"}},
  {"model": "properties.location", "pk": 53, "fields": {"country": 3, "region": null, "city": 11, "post_code": "00185", "street": "Via Liberiana", "house_number": "21", "latitude": null, "longitude": null, "created_at": "2025-11-17T12:10:00Z", "updated_at": "2025-11-17T12:10:00Z"}},
  {"model": "properties.location", "pk": 54, "fields": {"country": 3, "region": null, "city": 11, "post_code": "00191", "street": "Corso di Francia", "house_number": "200", "latitude": null, "longitude": null, "created_at": "2025-11-17T12:10:00Z", "updated_at": "2025-11-17T12:10:00Z"}},
  {"model": "properties.location", "pk": 55, "fields": {"country": 3, "region": null, "city": 11, "post_code": "00153", "street": "Viale Aventino", "house_number": "13", "latitude": null, "longitude": null, "created_at": "2025-11-17T12:10:00Z", "updated_at": "2025-11-17T12:10:00Z"}},

  {"model": "properties.location", "pk": 56, "fields": {"country": 3, "region": null, "city": 12, "post_code": "20121", "street": "Via Monte Napoleone", "house_number": "23", "latitude": null, "longitude": null, "created_at": "2025-11-17T12:11:00Z", "updated_at": "2025-11-17T12:11:00Z"}},
  {"model": "properties.location", "pk": 57, "fields": {"country": 3, "region": null, "city": 12, "post_code": "20121", "street": "Via Alessandro Manzoni", "house_number": "14", "latitude": null, "longitude": null, "created_at": "2025-11-17T12:11:00Z", "updated_at": "2025-11-17T12:11:00Z"}},
  {"model": "properties.location", "pk": 58, "fields": {"country": 3, "region": null, "city": 12, "post_code": "20129", "street": "Via Manzoni", "house_number": "22", "latitude": null, "longitude": null, "created_at": "2025-11-17T12:11:00Z", "updated_at": "2025-11-17T12:11:00Z"}},
  {"model": "properties.location", "pk": 59, "fields": {"country": 3, "region": null, "city": 12, "post_code": "20121", "street": "Viale Bianco Maria", "house_number": "8", "latitude": null, "longitude": null, "created_at": "2025-11-17T12:11:00Z", "updated_at": "2025-11-17T12:11:00Z"}},
  {"model": "properties.location", "pk": 60, "fields": {"country": 3, "region": null, "city": 12, "post_code": "20123", "street": "Via Caprara Cardinal G. B.", "house_number": "2", "latitude": null, "longitude": null, "created_at": "2025-11-17T12:11:00Z", "updated_at": "2025-11-17T12:11:00Z"}},

  {"model": "properties.location", "pk": 61, "fields": {"country": 3, "region": null, "city": 13, "post_code": "80132", "street": "Via Toledo", "house_number": "168", "latitude": null, "longitude": null, "created_at": "2025-11-17T12:12:00Z", "updated_at": "2025-11-17T12:12:00Z"}},
  {"model": "properties.location", "pk": 62, "fields": {"country": 3, "region": null, "city": 13, "post_code": "80121", "street": "Via Chiaia", "house_number": "73", "latitude": null, "longitude": null, "created_at": "2025-11-17T12:12:00Z", "updated_at": "2025-11-17T12:12:00Z"}},
  {"model": "properties.location", "pk": 63, "fields": {"country": 3, "region": null, "city": 13, "post_code": "80133", "street": "Piazza del Plebiscito", "house_number": "1", "latitude": null, "longitude": null, "created_at": "2025-11-17T12:12:00Z", "updated_at": "2025-11-17T12:12:00Z"}},
  {"model": "properties.location", "pk": 64, "fields": {"country": 3, "region": null, "city": 13, "post_code": "80131", "street": "Via San Carlo", "house_number": "52", "latitude": null, "longitude": null, "created_at": "2025-11-17T12:12:00Z", "updated_at": "2025-11-17T12:12:00Z"}},
  {"model": "properties.location", "pk": 65, "fields": {"country": 3, "region": null, "city": 13, "post_code": "80134", "street": "Via Partenope", "house_number": "45", "latitude": null, "longitude": null, "created_at": "2025-11-17T12:12:00Z", "updated_at": "2025-11-17T12:12:00Z"}},

  {"model": "properties.location", "pk": 66, "fields": {"country": 3, "region": null, "city": 14, "post_code": "10121", "street": "Via Roma", "house_number": "1", "latitude": null, "longitude": null, "created_at": "2025-11-17T12:13:00Z", "updated_at": "2025-11-17T12:13:00Z"}},
  {"model": "properties.location", "pk": 67, "fields": {"country": 3, "region": null, "city": 14, "post_code": "10122", "street": "Via Garibaldi", "house_number": "10", "latitude": null, "longitude": null, "created_at": "2025-11-17T12:13:00Z", "updated_at": "2025-11-17T12:13:00Z"}},
  {"model": "properties.location", "pk": 68, "fields": {"country": 3, "region": null, "city": 14, "post_code": "10123", "street": "Piazza Castello", "house_number": "5", "latitude": null, "longitude": null, "created_at": "2025-11-17T12:13:00Z", "updated_at": "2025-11-17T12:13:00Z"}},
  {"model": "properties.location", "pk": 69, "fields": {"country": 3, "region": null, "city": 14, "post_code": "10124", "street": "Via Po", "house_number": "20", "latitude": null, "longitude": null, "created_at": "2025-11-17T12:13:00Z", "updated_at": "2025-11-17T12:13:00Z"}},
  {"model": "properties.location", "pk": 70, "fields": {"country": 3, "region": null, "city": 14, "post_code": "10125", "street": "Corso Vittorio Emanuele II", "house_number": "45", "latitude": null, "longitude": null, "created_at": "2025-11-17T12:13:00Z", "updated_at": "2025-11-17T12:13:00Z"}},

  {"model": "properties.location", "pk": 71, "fields": {"country": 3, "region": null, "city": 15, "post_code": "50123", "street": "Via de' Tornabuoni", "house_number": "12", "latitude": null, "longitude": null, "created_at": "2025-11-17T12:14:00Z", "updated_at": "2025-11-17T12:14:00Z"}},
  {"model": "properties.location", "pk": 72, "fields": {"country": 3, "region": null, "city": 15, "post_code": "50122", "street": "Piazza della Signoria", "house_number": "5", "latitude": null, "longitude": null, "created_at": "2025-11-17T12:14:00Z", "updated_at": "2025-11-17T12:14:00Z"}},
  {"model": "properties.location", "pk": 73, "fields": {"country": 3, "region": null, "city": 15, "post_code": "50125", "street": "Via della Vigna Nuova", "house_number": "25", "latitude": null, "longitude": null, "created_at": "2025-11-17T12:14:00Z", "updated_at": "2025-11-17T12:14:00Z"}},
  {"model": "properties.location", "pk": 74, "fields": {"country": 3, "region": null, "city": 15, "post_code": "50124", "street": "Via Ghibellina", "house_number": "33", "latitude": null, "longitude": null, "created_at": "2025-11-17T12:14:00Z", "updated_at": "2025-11-17T12:14:00Z"}},
  {"model": "properties.location", "pk": 75, "fields": {"country": 3, "region": null, "city": 15, "post_code": "50123", "street": "Via dell'Oriuolo", "house_number": "18", "latitude": null, "longitude": null, "created_at": "2025-11-17T12:14:00Z", "updated_at": "2025-11-17T12:14:00Z"}}
]
