[
  {"model": "properties.country", "pk": 1, "fields": {"name": "France", "code": "FR", "created_at": "2025-11-17T12:00:00Z", "updated_at": "2025-11-17T12:00:00Z"}},
  {"model": "properties.country", "pk": 2, "fields": {"name": "Germany", "code": "DE", "created_at": "2025-11-17T12:00:00Z", "updated_at": "2025-11-17T12:00:00Z"}},
  {"model": "properties.country", "pk": 3, "fields": {"name": "Italy", "code": "IT", "created_at": "2025-11-17T12:00:00Z", "updated_at": "2025-11-17T12:00:00Z"}},
  {"model": "properties.country", "pk": 4, "fields": {"name": "Spain", "code": "ES", "created_at": "2025-11-17T12:00:00Z", "updated_at": "2025-11-17T12:00:00Z"}},
  {"model": "properties.country", "pk": 5, "fields": {"name": "United Kingdom", "code": "GB", "created_at": "2025-11-17T12:00:00Z", "updated_at": "2025-11-17T12:00:00Z"}},
  {"model": "properties.country", "pk": 6, "fields": {"name": "Netherlands", "code": "NL", "created_at": "2025-11-17T12:00:00Z", "updated_at": "2025-11-17T12:00:00Z"}},
  {"model": "properties.country", "pk": 7, "fields": {"name": "Switzerland", "code": "CH", "created_at": "2025-11-17T12:00:00Z", "updated_at": "2025-11-17T12:00:00Z"}},

  {"model": "properties.region", "pk": 1, "fields": {"name": "Île-de-France", "country": 1, "created_at": "2025-11-17T12:00:00Z", "updated_at": "2025-11-17T12:00:00Z"}},
  {"model": "properties.region", "pk": 2, "fields": {"name": "Auvergne-Rhône-Alpes", "country": 1, "created_at": "2025-11-17T12:00:00Z", "updated_at": "2025-11-17T12:00:00Z"}},
  {"model": "properties.region", "pk": 3, "fields": {"name": "Provence-Alpes-Côte d'Azur", "country": 1, "created_at": "2025-11-17T12:00:00Z", "updated_at": "2025-11-17T12:00:00Z"}},
  {"model": "properties.region", "pk": 4, "fields": {"name": "Provence-Alpes-Côte d'Azur - Côte d'Azur", "country": 1, "created_at": "2025-11-17T12:00:00Z", "updated_at": "2025-11-17T12:00:00Z"}},
  {"model": "properties.region", "pk": 5, "fields": {"name": "Nouvelle-Aquitaine", "country": 1, "created_at": "2025-11-17T12:00:00Z", "updated_at": "2025-11-17T12:00:00Z"}},

  {"model": "properties.city", "pk": 1, "fields": {"name": "Paris", "region": 1, "country": 1, "created_at": "2025-11-17T12:01:00Z", "updated_at": "2025-11-17T12:01:00Z"}},
  {"model": "properties.city", "pk": 2, "fields": {"name": "Lyon", "region": 2, "country": 1, "created_at": "2025-11-17T12:01:00Z", "updated_at": "2025-11-17T12:01:00Z"}},
  {"model": "properties.city", "pk": 3, "fields": {"name": "Marseille", "region": 3, "country": 1, "created_at": "2025-11-17T12:01:00Z", "updated_at": "2025-11-17T12:01:00Z"}},
  {"model": "properties.city", "pk": 4, "fields": {"name": "Nice", "region": 4, "country": 1, "created_at": "2025-11-17T12:01:00Z", "updated_at": "2025-11-17T12:01:00Z"}},
  {"model": "properties.city", "pk": 5, "fields": {"name": "Bordeaux", "region": 5, "country": 1, "created_at": "2025-11-17T12:01:00Z", "updated_at": "2025-11-17T12:01:00Z"}},

  {"model": "properties.city", "pk": 6, "fields": {"name": "Berlin", "region": null, "country": 2,"created_at": "2025-11-17T12:01:00Z", "updated_at": "2025-11-17T12:01:00Z"}},
  {"model": "properties.city", "pk": 7, "fields": {"name": "Munich", "region": null, "country": 2,"created_at": "2025-11-17T12:01:00Z", "updated_at": "2025-11-17T12:01:00Z"}},
  {"model": "properties.city", "pk": 8, "fields": {"name": "Hamburg", "region": null, "country": 2,"created_at": "2025-11-17T12:01:00Z", "updated_at": "2025-11-17T12:01:00Z"}},
  {"model": "properties.city", "pk": 9, "fields": {"name": "Frankfurt", "region": null, "country": 2,"created_at": "2025-11-17T12:01:00Z", "updated_at": "2025-11-17T12:01:00Z"}},
  {"model": "properties.city", "pk": 10, "fields": {"name": "Cologne", "region": null, "country": 2,"created_at": "2025-11-17T12:01:00Z", "updated_at": "2025-11-17T12:01:00Z"}},

  {"model": "properties.city", "pk": 11, "fields": {"name": "Rome", "region": null, "country": 3,"created_at": "2025-11-17T12:01:00Z", "updated_at": "2025-11-17T12:01:00Z"}},
  {"model": "properties.city", "pk": 12, "fields": {"name": "Milan", "region": null, "country": 3,"created_at": "2025-11-17T12:01:00Z", "updated_at": "2025-11-17T12:01:00Z"}},
  {"model": "properties.city", "pk": 13, "fields": {"name": "Naples", "region": null, "country": 3,"created_at": "2025-11-17T12:01:00Z", "updated_at": "2025-11-17T12:01:00Z"}},
  {"model": "properties.city", "pk": 14, "fields": {"name": "Turin", "region": null, "country": 3,"created_at": "2025-11-17T12:01:00Z", "updated_at": "2025-11-17T12:01:00Z"}},
  {"model": "properties.city", "pk": 15, "fields": {"name": "Florence", "region": null, "country": 3,"created_at": "2025-11-17T12:01:00Z", "updated_at": "2025-11-17T12:01:00Z"}},

  {"model": "properties.city", "pk": 16, "fields": {"name": "Madrid", "region": null, "country": 4,"created_at": "2025-11-17T12:01:00Z", "updated_at": "2025-11-17T12:01:00Z"}},
  {"model": "properties.city", "pk": 17, "fields": {"name": "Barcelona", "region": null, "country": 4,"created_at": "2025-11-17T12:01:00Z", "updated_at": "2025-11-17T12:01:00Z"}},
  {"model": "properties.city", "pk": 18, "fields": {"name": "Valencia", "region": null, "country": 4,"created_at": "2025-11-17T12:01:00Z", "updated_at": "2025-11-17T12:01:00Z"}},
  {"model": "properties.city", "pk": 19, "fields": {"name": "Seville", "region": null, "country": 4,"created_at": "2025-11-17T12:01:00Z", "updated_at": "2025-11-17T12:01:00Z"}},
  {"model": "properties.city", "pk": 20, "fields": {"name": "Bilbao", "region": null, "country": 4,"created_at": "2025-11-17T12:01:00Z", "updated_at": "2025-11-17T12:01:00Z"}},

  {"model": "properties.city", "pk": 21, "fields": {"name": "London", "region": null, "country": 5,"created_at": "2025-11-17T12:01:00Z", "updated_at": "2025-11-17T12:01:00Z"}},
  {"model": "properties.city", "pk": 22, "fields": {"name": "Manchester", "region": null, "country": 5,"created_at": "2025-11-17T12:01:00Z", "updated_at": "2025-11-17T12:01:00Z"}},
  {"model": "properties.city", "pk": 23, "fields": {"name": "Birmingham", "region": null, "country": 5,"created_at": "2025-11-17T12:01:00Z", "updated_at": "2025-11-17T12:01:00Z"}},
  {"model": "properties.city", "pk": 24, "fields": {"name": "Liverpool", "region": null, "country": 5,"created_at": "2025-11-17T12:01:00Z", "updated_at": "2025-11-17T12:01:00Z"}},
  {"model": "properties.city", "pk": 25, "fields": {"name": "Leeds", "region": null, "country": 5,"created_at": "2025-11-17T12:01:00Z", "updated_at": "2025-11-17T12:01:00Z"}},

  {"model": "properties.city", "pk": 26, "fields": {"name": "Amsterdam", "region": null, "country": 6,"created_at": "2025-11-17T12:01:00Z", "updated_at": "2025-11-17T12:01:00Z"}},
  {"model": "properties.city", "pk": 27, "fields": {"name": "Rotterdam", "region": null, "country": 6,"created_at": "2025-11-17T12:01:00Z", "updated_at": "2025-11-17T12:01:00Z"}},
  {"model": "properties.city", "pk": 28, "fields": {"name": "The Hague", "region": null, "country": 6,"created_at": "2025-11-17T12:01:00Z", "updated_at": "2025-11-17T12:01:00Z"}},
  {"model": "properties.city", "pk": 29, "fields": {"name": "Utrecht", "region": null, "country": 6,"created_at": "2025-11-17T12:01:00Z", "updated_at": "2025-11-17T12:01:00Z"}},
  {"model": "properties.city", "pk": 30, "fields": {"name": "Eindhoven", "region": null, "country": 6,"created_at": "2025-11-17T12:01:00Z", "updated_at": "2025-11-17T12:01:00Z"}},

  {"model": "properties.city", "pk": 31, "fields": {"name": "Zurich", "region": null, "country": 7,"created_at": "2025-11-17T12:01:00Z", "updated_at": "2025-11-17T12:01:00Z"}},
  {"model": "properties.city", "pk": 32, "fields": {"name": "Geneva", "region": null, "country": 7,"created_at": "2025-11-17T12:01:00Z", "updated_at": "2025-11-17T12:01:00Z"}},
  {"model": "properties.city", "pk": 33, "fields": {"name": "Basel", "region": null, "country": 7,"created_at": "2025-11-17T12:01:00Z", "updated_at": "2025-11-17T12:01:00Z"}},
  {"model": "properties.city", "pk": 34, "fields": {"name": "Bern", "region": null, "country": 7,"created_at": "2025-11-17T12:01:00Z", "updated_at": "2025-11-17T12:01:00Z"}},
  {"model": "properties.city", "pk": 35, "fields": {"name": "Lausanne", "region": null, "country": 7,"created_at": "2025-11-17T12:01:00Z", "updated_at": "2025-11-17T12:01:00Z"}}
]
